{"stats":{"minecraft:custom":{"minecraft:jump":27,"minecraft:time_since_rest":5897,"minecraft:damage_dealt":45,"minecraft:crouch_one_cm":52,"minecraft:leave_game":2,"minecraft:play_time":5897,"minecraft:sprint_one_cm":800,"minecraft:damage_taken":74,"minecraft:time_since_death":5897,"minecraft:walk_one_cm":7437,"minecraft:sneak_time":6,"minecraft:total_world_time":5897,"minecraft:fly_one_cm":2618,"minecraft:fall_one_cm":627},"minecraft:mined":{"minecraft:grass":1,"minecraft:peony":2},"minecraft:used":{"minecraft:peony":2},"minecraft:picked_up":{"minecraft:peony":2}},"DataVersion":3465}