{"stats":{"minecraft:crafted":{"minecraft:wooden_sword":1,"minecraft:spruce_planks":28,"minecraft:stick":12,"minecraft:wooden_pickaxe":1,"minecraft:stone_pickaxe":1,"minecraft:wooden_axe":1,"minecraft:stone_sword":1,"minecraft:stone_axe":1,"minecraft:bread":10,"minecraft:wheat":27},"minecraft:mined":{"minecraft:hay_block":3,"minecraft:spruce_planks":1,"minecraft:spruce_log":7,"minecraft:crafting_table":3,"minecraft:grass":4,"minecraft:spruce_fence":1,"minecraft:coal_ore":18,"minecraft:decorated_pot":1,"minecraft:tall_grass":1,"minecraft:deepslate_coal_ore":21,"minecraft:spruce_leaves":9,"minecraft:stone":15},"minecraft:used":{"minecraft:wooden_axe":1,"minecraft:stone_sword":21,"minecraft:stone_pickaxe":43,"minecraft:bread":9,"minecraft:spruce_planks":2,"minecraft:wooden_pickaxe":13,"minecraft:stone_axe":3,"minecraft:wooden_sword":4,"minecraft:crafting_table":3},"minecraft:killed":{"minecraft:sheep":1,"minecraft:zombie":1,"minecraft:pig":5,"minecraft:cow":1},"minecraft:custom":{"minecraft:time_since_rest":22273,"minecraft:sprint_one_cm":100113,"minecraft:damage_taken":1238,"minecraft:walk_one_cm":47910,"minecraft:mob_kills":8,"minecraft:damage_dealt":875,"minecraft:interact_with_crafting_table":4,"minecraft:fly_one_cm":197274,"minecraft:open_chest":7,"minecraft:crouch_one_cm":188,"minecraft:play_time":29582,"minecraft:deaths":1,"minecraft:sneak_time":49,"minecraft:jump":658,"minecraft:leave_game":2,"minecraft:time_since_death":22128,"minecraft:walk_on_water_one_cm":666,"minecraft:total_world_time":29582,"minecraft:climb_one_cm":11980,"minecraft:fall_one_cm":22001},"minecraft:picked_up":{"minecraft:wooden_axe":1,"minecraft:stick":9,"minecraft:crafting_table":4,"minecraft:burn_pottery_sherd":1,"patchouli:guide_book":1,"minecraft:leather":2,"minecraft:brown_wool":1,"minecraft:wooden_pickaxe":1,"minecraft:spruce_fence":2,"minecraft:porkchop":7,"minecraft:spruce_sapling":4,"minecraft:spruce_log":7,"minecraft:howl_pottery_sherd":1,"minecraft:wooden_sword":1,"minecraft:explorer_pottery_sherd":1,"minecraft:bone":3,"minecraft:rotten_flesh":4,"minecraft:spruce_planks":13,"minecraft:hay_block":3,"minecraft:beef":1,"minecraft:bread":9,"minecraft:mutton":1,"minecraft:arms_up_pottery_sherd":1,"minecraft:iron_boots":1,"minecraft:coal":39,"minecraft:white_wool":3,"minecraft:cobblestone":15}},"DataVersion":3465}