{"stats":{"minecraft:crafted":{"minecraft:wooden_sword":1,"minecraft:spruce_planks":28,"minecraft:stick":36,"minecraft:wooden_pickaxe":1,"minecraft:stone_pickaxe":1,"minecraft:wooden_axe":1,"minecraft:stone_sword":1,"minecraft:torch":108,"minecraft:stone_axe":1,"minecraft:wheat":27,"minecraft:bread":10},"minecraft:mined":{"minecraft:hay_block":3,"minecraft:tuff":1,"minecraft:spruce_planks":1,"minecraft:spruce_log":7,"minecraft:crafting_table":3,"minecraft:grass_block":1,"minecraft:grass":4,"minecraft:spruce_fence":1,"minecraft:coal_ore":18,"minecraft:decorated_pot":1,"minecraft:dirt":1,"minecraft:tall_grass":1,"minecraft:deepslate_coal_ore":29,"minecraft:spruce_leaves":9,"minecraft:stone":15},"minecraft:used":{"minecraft:wooden_axe":1,"minecraft:stone_sword":21,"minecraft:stone_pickaxe":52,"minecraft:bread":9,"minecraft:spruce_planks":2,"minecraft:wooden_pickaxe":13,"minecraft:stone_axe":3,"minecraft:torch":1,"minecraft:wooden_sword":4,"minecraft:crafting_table":3},"minecraft:killed":{"minecraft:sheep":1,"minecraft:zombie":1,"minecraft:pig":5,"minecraft:cow":1},"minecraft:custom":{"minecraft:time_since_rest":1196,"minecraft:sprint_one_cm":103519,"minecraft:damage_taken":1768,"minecraft:walk_one_cm":50994,"minecraft:mob_kills":8,"minecraft:damage_dealt":875,"minecraft:interact_with_crafting_table":4,"minecraft:fly_one_cm":199051,"minecraft:open_chest":7,"minecraft:crouch_one_cm":348,"minecraft:play_time":34386,"minecraft:deaths":2,"minecraft:sneak_time":84,"minecraft:jump":667,"minecraft:leave_game":2,"minecraft:time_since_death":824,"minecraft:walk_on_water_one_cm":666,"minecraft:total_world_time":34386,"minecraft:climb_one_cm":11980,"minecraft:fall_one_cm":27814},"minecraft:picked_up":{"minecraft:wooden_axe":1,"minecraft:stick":9,"minecraft:crafting_table":4,"minecraft:burn_pottery_sherd":1,"patchouli:guide_book":1,"minecraft:brown_wool":1,"minecraft:leather":2,"minecraft:wooden_pickaxe":1,"minecraft:spruce_fence":2,"minecraft:porkchop":7,"minecraft:tuff":1,"minecraft:spruce_sapling":4,"minecraft:spruce_log":7,"minecraft:dirt":2,"minecraft:wooden_sword":1,"minecraft:howl_pottery_sherd":1,"minecraft:explorer_pottery_sherd":1,"minecraft:bone":3,"minecraft:rotten_flesh":4,"minecraft:spruce_planks":13,"minecraft:hay_block":3,"minecraft:beef":1,"minecraft:bread":9,"minecraft:arms_up_pottery_sherd":1,"minecraft:mutton":1,"minecraft:coal":47,"minecraft:white_wool":3,"minecraft:cobblestone":15,"minecraft:iron_boots":1}},"DataVersion":3465}