{"stats":{"minecraft:used":{"minecraft:wooden_axe":1,"minecraft:stone_sword":10,"minecraft:bread":6,"minecraft:stone_pickaxe":43,"minecraft:spruce_planks":2,"minecraft:wooden_pickaxe":13,"minecraft:wooden_sword":4,"minecraft:crafting_table":3},"minecraft:killed":{"minecraft:pig":1,"minecraft:zombie":1},"minecraft:mined":{"minecraft:hay_block":3,"minecraft:spruce_log":7,"minecraft:crafting_table":3,"minecraft:grass":4,"minecraft:spruce_fence":1,"minecraft:coal_ore":18,"minecraft:tall_grass":1,"minecraft:deepslate_coal_ore":21,"minecraft:spruce_leaves":9,"minecraft:stone":15},"minecraft:crafted":{"minecraft:wooden_sword":1,"minecraft:spruce_planks":28,"minecraft:stick":12,"minecraft:wooden_pickaxe":1,"minecraft:stone_pickaxe":1,"minecraft:wooden_axe":1,"minecraft:stone_sword":1,"minecraft:stone_axe":1,"minecraft:bread":10,"minecraft:wheat":27},"minecraft:custom":{"minecraft:time_since_rest":14770,"minecraft:sprint_one_cm":65534,"minecraft:damage_taken":1238,"minecraft:walk_one_cm":38441,"minecraft:mob_kills":2,"minecraft:damage_dealt":295,"minecraft:interact_with_crafting_table":4,"minecraft:fly_one_cm":110852,"minecraft:open_chest":7,"minecraft:crouch_one_cm":188,"minecraft:play_time":22079,"minecraft:deaths":1,"minecraft:sneak_time":49,"minecraft:jump":383,"minecraft:leave_game":1,"minecraft:walk_on_water_one_cm":615,"minecraft:time_since_death":14625,"minecraft:total_world_time":22079,"minecraft:climb_one_cm":11980,"minecraft:fall_one_cm":16602},"minecraft:picked_up":{"minecraft:wooden_axe":1,"minecraft:stick":9,"minecraft:crafting_table":4,"patchouli:guide_book":1,"minecraft:wooden_pickaxe":1,"minecraft:spruce_fence":2,"minecraft:porkchop":1,"minecraft:spruce_sapling":4,"minecraft:spruce_log":7,"minecraft:wooden_sword":1,"minecraft:bone":3,"minecraft:rotten_flesh":4,"minecraft:spruce_planks":12,"minecraft:hay_block":3,"minecraft:bread":9,"minecraft:coal":39,"minecraft:cobblestone":15,"minecraft:white_wool":3,"minecraft:iron_boots":1}},"DataVersion":3465}