{"stats":{"minecraft:crafted":{"minecraft:wooden_sword":1,"minecraft:cooked_porkchop":34,"minecraft:crafting_table":1,"minecraft:spruce_planks":36,"minecraft:wooden_pickaxe":1,"minecraft:stone_axe":1,"minecraft:bread":10,"minecraft:stick":36,"minecraft:stone_pickaxe":1,"minecraft:wooden_axe":1,"minecraft:stone_sword":1,"minecraft:torch":108,"minecraft:wheat":27},"minecraft:mined":{"minecraft:tuff":1,"minecraft:spruce_planks":1,"minecraft:crafting_table":3,"minecraft:grass_block":1,"minecraft:spruce_fence":1,"minecraft:decorated_pot":1,"minecraft:tall_grass":1,"minecraft:deepslate_coal_ore":29,"minecraft:spruce_leaves":9,"minecraft:hay_block":3,"minecraft:carrots":5,"minecraft:wheat":1,"minecraft:spruce_log":7,"minecraft:grass":4,"minecraft:potatoes":12,"minecraft:coal_ore":18,"minecraft:dirt":1,"minecraft:stone":15},"minecraft:used":{"minecraft:wheat_seeds":4,"minecraft:stone_sword":21,"minecraft:stone_pickaxe":52,"minecraft:spruce_planks":2,"minecraft:wooden_pickaxe":13,"minecraft:iron_chestplate":1,"minecraft:torch":1,"minecraft:crafting_table":3,"minecraft:wooden_axe":1,"minecraft:bread":9,"minecraft:iron_helmet":1,"minecraft:stone_axe":3,"minecraft:wooden_sword":4,"simplyswords:iron_scythe":56,"minecraft:cooked_porkchop":2},"minecraft:killed":{"minecraft:pig":24,"minecraft:sheep":1,"minecraft:zombie":5,"minecraft:villager":1,"minecraft:cow":1},"minecraft:custom":{"minecraft:interact_with_furnace":6,"minecraft:mob_kills":32,"minecraft:interact_with_crafting_table":4,"minecraft:leave_game":3,"minecraft:time_since_death":25486,"minecraft:climb_one_cm":11980,"minecraft:time_since_rest":25858,"minecraft:sprint_one_cm":138928,"minecraft:damage_taken":1850,"minecraft:walk_one_cm":81572,"minecraft:damage_dealt":3897,"minecraft:talked_to_villager":3,"minecraft:fly_one_cm":225538,"minecraft:open_chest":14,"minecraft:crouch_one_cm":348,"minecraft:play_time":59048,"minecraft:deaths":2,"minecraft:sneak_time":84,"minecraft:jump":757,"minecraft:walk_on_water_one_cm":666,"minecraft:total_world_time":59048,"minecraft:fall_one_cm":29393},"minecraft:picked_up":{"minecraft:wooden_axe":1,"minecraft:crafting_table":4,"minecraft:iron_chestplate":1,"minecraft:wheat":1,"minecraft:burn_pottery_sherd":1,"minecraft:leather":2,"minecraft:brown_wool":1,"minecraft:wooden_pickaxe":1,"minecraft:potato":37,"minecraft:tuff":1,"minecraft:dirt":2,"minecraft:wooden_sword":1,"minecraft:explorer_pottery_sherd":1,"minecraft:bone":3,"minecraft:wheat_seeds":4,"minecraft:spruce_planks":13,"minecraft:beef":1,"minecraft:arms_up_pottery_sherd":1,"minecraft:iron_boots":1,"minecraft:stick":9,"patchouli:guide_book":1,"minecraft:spruce_fence":2,"minecraft:porkchop":45,"minecraft:spruce_sapling":4,"minecraft:carrot":18,"minecraft:spruce_log":7,"minecraft:howl_pottery_sherd":1,"minecraft:rotten_flesh":10,"simplyswords:iron_scythe":1,"minecraft:hay_block":3,"minecraft:iron_helmet":1,"minecraft:emerald":1,"minecraft:bread":9,"minecraft:mutton":1,"minecraft:coal":47,"minecraft:cobblestone":15,"minecraft:white_wool":3}},"DataVersion":3465}