{"stats":{"minecraft:broken":{"minecraft:iron_boots":1,"minecraft:stone_pickaxe":1,"simplyswords:iron_twinblade":1,"minecraft:iron_pickaxe":1},"minecraft:crafted":{"minecraft:smooth_stone":3,"minecraft:stone":3,"minecraft:glass":39,"minecraft:chest":5,"minecraft:cooked_rabbit":2,"minecraft:smoker":1,"minecraft:cooked_porkchop":49,"minecraft:crafting_table":1,"minecraft:spruce_planks":148,"minecraft:wooden_pickaxe":1,"travelersbackpack:standard":1,"minecraft:iron_helmet":1,"simplyswords:iron_glaive":1,"simplyswords:iron_scythe":1,"travelersbackpack:emerald":1,"minecraft:iron_chestplate":1,"minecraft:shield":1,"niftycarts:animal_cart":1,"minecraft:stick":80,"minecraft:iron_ingot":61,"minecraft:iron_pickaxe":1,"minecraft:stone_sword":1,"niftycarts:plow":1,"minecraft:shears":1,"minecraft:stone_shovel":1,"simplyswords:iron_twinblade":1,"minecraft:furnace":1,"simplyswords:diamond_twinblade":1,"minecraft:blast_furnace":1,"niftycarts:wheel":4,"travelersbackpack:white_sleeping_bag":1,"minecraft:iron_axe":1,"minecraft:iron_hoe":1,"minecraft:stone_pickaxe":1,"minecraft:wheat":54,"minecraft:cooked_beef":6,"travelersbackpack:backpack_tank":2,"minecraft:bucket":2,"minecraft:stone_axe":1,"minecraft:bread":18,"minecraft:air":0,"minecraft:iron_shovel":1,"minecraft:iron_leggings":1,"minecraft:torch":64},"minecraft:mined":{"minecraft:spruce_planks":12,"minecraft:brewing_stand":1,"minecraft:budding_amethyst":1,"minecraft:grass_block":17,"minecraft:spawner":5,"minecraft:iron_ore":85,"minecraft:moss_carpet":1,"minecraft:deepslate_lapis_ore":2,"minecraft:cave_vines":2,"minecraft:flowering_azalea_leaves":3,"minecraft:dirt_path":1,"minecraft:azalea_leaves":5,"minecraft:spruce_slab":1,"minecraft:tripwire":2,"minecraft:deepslate_redstone_ore":7,"minecraft:smoker":11,"minecraft:amethyst_cluster":1,"minecraft:clay":27,"minecraft:blast_furnace":5,"minecraft:calcite":3,"minecraft:cobblestone":8,"minecraft:wall_torch":2,"minecraft:amethyst_block":5,"minecraft:birch_log":9,"minecraft:grass":24,"minecraft:oak_log":7,"minecraft:sand":64,"minecraft:dirt":46,"minecraft:smooth_basalt":3,"travelersbackpack:emerald":1,"minecraft:netherrack":30,"minecraft:oak_leaves":25,"minecraft:deepslate":6,"minecraft:tuff":6,"minecraft:deepslate_diamond_ore":4,"minecraft:glow_lichen":3,"minecraft:ladder":1,"minecraft:dark_oak_fence":1,"minecraft:cobbled_deepslate_slab":2,"minecraft:spruce_leaves":38,"minecraft:moss_block":3,"minecraft:rooted_dirt":44,"minecraft:large_fern":5,"minecraft:hay_block":14,"minecraft:black_stained_glass_pane":1,"minecraft:redstone_ore":2,"minecraft:furnace":7,"minecraft:snow":12,"minecraft:stripped_spruce_log":1,"minecraft:potatoes":1,"minecraft:deepslate_iron_ore":3,"minecraft:stone":182,"minecraft:scaffolding":2,"minecraft:flowering_azalea":2,"minecraft:brown_carpet":5,"minecraft:crafting_table":18,"minecraft:tall_grass":11,"minecraft:deepslate_coal_ore":31,"minecraft:lapis_ore":2,"minecraft:purple_bed":2,"minecraft:coarse_dirt":1,"minecraft:ice":8,"minecraft:spruce_log":44,"minecraft:birch_leaves":12,"mythicmounts:firebird_feather2":2,"minecraft:coal_ore":41,"minecraft:gravel":16,"minecraft:flower_pot":1,"minecraft:cobweb":20,"minecraft:polished_andesite":5,"minecraft:gold_ore":2,"minecraft:fern":2},"minecraft:killed_by":{"minecraft:vindicator":3,"minecraft:vex":1},"minecraft:used":{"minecraft:iron_shovel":168,"minecraft:spruce_slab":2,"minecraft:ladder":1,"minecraft:chest":3,"minecraft:shield":10,"minecraft:iron_sword":23,"minecraft:iron_chestplate":1,"simplyswords:diamond_twinblade":329,"minecraft:axolotl_bucket":2,"travelersbackpack:emerald":1,"minecraft:stripped_spruce_log":1,"mythicmounts:firebird_feather2":3,"friendsandfoes:totem_of_illusion":1,"minecraft:iron_helmet":2,"minecraft:bow":21,"simplyswords:iron_scythe":111,"minecraft:brown_carpet":4,"minecraft:scaffolding":2,"minecraft:furnace":7,"minecraft:potato":7,"simplyswords:gold_greataxe":4,"minecraft:stone_pickaxe":131,"minecraft:wooden_pickaxe":3,"minecraft:white_wool":1,"minecraft:sand":1,"minecraft:blast_furnace":5,"minecraft:crossbow":15,"minecraft:firework_rocket":1,"minecraft:bread":49,"minecraft:dark_oak_fence":1,"minecraft:cooked_rabbit":2,"simplyswords:iron_glaive":54,"minecraft:coarse_dirt":1,"minecraft:trident":2,"minecraft:stone_sword":72,"minecraft:stone_shovel":59,"minecraft:spruce_planks":6,"niftycarts:plow":3,"minecraft:torch":47,"minecraft:dirt":48,"minecraft:spyglass":4,"minecraft:spruce_stairs":2,"minecraft:iron_hoe":85,"minecraft:flowering_azalea":1,"minecraft:iron_axe":80,"minecraft:rooted_dirt":13,"minecraft:smooth_basalt":2,"minecraft:cooked_beef":6,"minecraft:iron_leggings":1,"minecraft:wheat_seeds":1,"minecraft:water_bucket":5,"minecraft:bundle":1,"minecraft:polished_andesite":5,"niftycarts:animal_cart":2,"minecraft:mossy_cobblestone":1,"minecraft:crafting_table":19,"simplyswords:iron_twinblade":243,"minecraft:smoker":11,"minecraft:spruce_log":1,"minecraft:apple":3,"minecraft:iron_pickaxe":349,"minecraft:map":2,"minecraft:stone_axe":29,"minecraft:cobblestone":38,"minecraft:purple_bed":1,"minecraft:cooked_porkchop":40,"minecraft:porkchop":11,"minecraft:bucket":9},"minecraft:killed":{"minecraft:cave_spider":1,"minecraft:witch":2,"minecraft:spider":12,"minecraft:skeleton":28,"minecraft:illusioner":3,"minecraft:magma_cube":11,"minecraft:pig":27,"minecraft:zombie_villager":1,"minecraft:creeper":1,"minecraft:pillager":31,"minecraft:zombie":39,"minecraft:stray":4,"minecraft:cow":5,"minecraft:evoker":1,"minecraft:vex":4,"graveyard:revenant":6,"minecraft:vindicator":9,"creeperoverhaul:snowy_creeper":3,"minecraft:drowned":3,"friendsandfoes:iceologer":1,"graveyard:ghoul":4,"minecraft:rabbit":1,"endermanoverhaul:snowy_enderman":1},"minecraft:custom":{"minecraft:interact_with_crafting_table":54,"minecraft:open_barrel":46,"minecraft:bell_ring":3,"minecraft:leave_game":9,"minecraft:time_since_death":165584,"minecraft:sprint_one_cm":867436,"minecraft:damage_blocked_by_shield":275,"minecraft:drop":42,"minecraft:talked_to_villager":2,"minecraft:play_time":302830,"minecraft:deaths":4,"minecraft:jump":5979,"minecraft:interact_with_brewingstand":2,"minecraft:walk_on_water_one_cm":45319,"minecraft:interact_with_furnace":41,"minecraft:sleep_in_bed":2,"minecraft:damage_dealt":36605,"minecraft:crouch_one_cm":27239,"minecraft:interact_with_smoker":30,"minecraft:inspect_dispenser":5,"minecraft:horse_one_cm":12865,"minecraft:mob_kills":202,"minecraft:climb_one_cm":64696,"minecraft:walk_one_cm":699784,"minecraft:sneak_time":10401,"minecraft:walk_under_water_one_cm":39212,"minecraft:interact_with_blast_furnace":19,"minecraft:total_world_time":302830,"minecraft:time_since_rest":416,"minecraft:damage_taken":6398,"minecraft:swim_one_cm":197012,"minecraft:fly_one_cm":1556074,"minecraft:open_chest":59,"minecraft:fall_one_cm":140528},"minecraft:dropped":{"minecraft:iron_sword":1,"simplyswords:iron_glaive":2,"minecraft:crafting_table":1,"minecraft:dirt":27,"minecraft:snowball":26,"minecraft:bone":2,"minecraft:gravel":5,"minecraft:rotten_flesh":17,"patchouli:guide_book":1,"minecraft:rabbit_hide":1,"minecraft:ladder":1,"minecraft:purple_carpet":3,"minecraft:wheat_seeds":1,"minecraft:iron_helmet":1,"minecraft:amethyst_block":2,"minecraft:flowering_azalea":1,"minecraft:string":9,"minecraft:spruce_sapling":12,"minecraft:dandelion":1,"minecraft:redstone":1,"minecraft:stone_sword":1,"minecraft:tuff":6,"minecraft:clay_ball":60,"minecraft:iron_boots":1,"minecraft:cobbled_deepslate_slab":2,"simplyswords:iron_scythe":1,"minecraft:bundle":1,"minecraft:iron_chestplate":1,"minecraft:bow":2,"minecraft:wooden_pickaxe":1},"minecraft:picked_up":{"minecraft:iron_chestplate":4,"minecraft:flower_pot":1,"minecraft:brewing_stand":1,"minecraft:amethyst_block":5,"travelersbackpack:emerald":1,"minecraft:string":27,"minecraft:iron_leggings":1,"minecraft:cobbled_deepslate":6,"bosses_of_mass_destruction:soul_star":1,"minecraft:spruce_planks":136,"minecraft:iron_pickaxe":4,"niftycarts:plow":2,"minecraft:furnace":9,"minecraft:iron_boots":4,"minecraft:tipped_arrow":6,"minecraft:stick":8,"minecraft:torch":46,"minecraft:spruce_stairs":2,"minecraft:porkchop":62,"minecraft:brown_carpet":4,"minecraft:stone_sword":2,"minecraft:rotten_flesh":55,"minecraft:snowball":58,"minecraft:cobblestone":221,"minecraft:birch_log":9,"minecraft:water_bucket":1,"minecraft:smoker":15,"minecraft:potato":3,"mythicmounts:firebird_feather2":3,"minecraft:flint":1,"minecraft:tuff":14,"minecraft:dirt":80,"minecraft:lapis_lazuli":24,"minecraft:purple_carpet":5,"minecraft:bone":47,"minecraft:bow":5,"minecraft:wheat_seeds":4,"minecraft:raw_gold":2,"minecraft:cobbled_deepslate_slab":2,"minecraft:rabbit":4,"minecraft:moss_block":2,"friendsandfoes:totem_of_freezing":1,"minecraft:cooked_porkchop":29,"patchouli:guide_book":3,"minecraft:axolotl_bucket":1,"minecraft:jungle_planks":6,"minecraft:sand":62,"minecraft:stripped_spruce_log":1,"minecraft:mossy_cobblestone":1,"simplyswords:iron_twinblade":2,"minecraft:polished_andesite":10,"minecraft:diamond":4,"minecraft:crossbow":7,"minecraft:blue_ice":1,"minecraft:bread":38,"minecraft:emerald":48,"minecraft:rooted_dirt":44,"minecraft:oak_sapling":7,"minecraft:netherrack":75,"minecraft:dark_oak_fence":1,"minecraft:crafting_table":22,"minecraft:coarse_dirt":1,"simplyswords:iron_glaive":1,"minecraft:ladder":3,"minecraft:clay_ball":104,"friendsandfoes:totem_of_illusion":5,"minecraft:wooden_pickaxe":2,"minecraft:shield":2,"minecraft:iron_axe":3,"minecraft:moss_carpet":1,"graveyard:corruption":2,"minecraft:beef":10,"minecraft:spruce_slab":2,"minecraft:sugar_cane":1,"minecraft:birch_sapling":3,"minecraft:raw_iron":127,"minecraft:trident":1,"minecraft:redstone":43,"minecraft:tnt":6,"minecraft:arrow":89,"minecraft:stone_shovel":3,"simplyswords:iron_scythe":4,"minecraft:hay_block":16,"minecraft:totem_of_undying":1,"minecraft:gold_ingot":30,"minecraft:glow_berries":5,"minecraft:white_wool":15,"minecraft:leather":9,"minecraft:oak_log":7,"minecraft:apple":2,"minecraft:rabbit_hide":3,"minecraft:iron_ingot":10,"minecraft:flowering_azalea":2,"minecraft:iron_sword":2,"minecraft:scaffolding":2,"minecraft:smooth_basalt":2,"minecraft:dandelion":1,"minecraft:gravel":21,"minecraft:amethyst_shard":6,"minecraft:spruce_sapling":12,"minecraft:blast_furnace":5,"minecraft:spruce_log":45,"minecraft:spider_eye":3,"minecraft:purple_bed":2,"minecraft:stone_axe":2,"minecraft:iron_helmet":1,"niftycarts:animal_cart":1,"minecraft:coal":519,"minecraft:ender_pearl":1}},"DataVersion":3465}