{"stats":{"minecraft:crafted":{"minecraft:cooked_beef":6,"minecraft:stone_shovel":1,"minecraft:cooked_porkchop":28,"minecraft:crafting_table":1,"minecraft:spruce_planks":76,"minecraft:wooden_pickaxe":1,"minecraft:bucket":1,"minecraft:stone_axe":1,"minecraft:air":0,"simplyswords:iron_glaive":1,"simplyswords:iron_scythe":1,"minecraft:shield":1,"minecraft:stick":16,"minecraft:iron_ingot":11,"minecraft:iron_pickaxe":1,"minecraft:stone_pickaxe":1,"minecraft:stone_sword":1,"minecraft:torch":12,"minecraft:cooked_rabbit":1},"minecraft:killed_by":{"minecraft:vindicator":1},"minecraft:killed":{"minecraft:cave_spider":1,"minecraft:pig":15,"graveyard:revenant":4,"minecraft:rabbit":1,"minecraft:spider":3,"minecraft:creeper":1,"creeperoverhaul:snowy_creeper":3,"minecraft:skeleton":6,"minecraft:pillager":2,"minecraft:zombie":15,"minecraft:stray":4,"minecraft:cow":5},"minecraft:dropped":{"simplyswords:iron_glaive":2,"minecraft:iron_boots":1,"minecraft:amethyst_block":2,"minecraft:dirt":17,"minecraft:ladder":1,"minecraft:wooden_pickaxe":1,"minecraft:string":8,"minecraft:spruce_sapling":11},"minecraft:custom":{"minecraft:interact_with_furnace":3,"minecraft:mob_kills":61,"minecraft:interact_with_crafting_table":11,"minecraft:bell_ring":1,"minecraft:leave_game":4,"minecraft:time_since_death":5829,"minecraft:climb_one_cm":21549,"minecraft:time_since_rest":5878,"minecraft:sprint_one_cm":275813,"minecraft:damage_taken":1807,"minecraft:walk_one_cm":196121,"minecraft:damage_blocked_by_shield":195,"minecraft:drop":9,"minecraft:damage_dealt":10085,"minecraft:swim_one_cm":20954,"minecraft:fly_one_cm":378942,"minecraft:talked_to_villager":1,"minecraft:open_chest":8,"minecraft:crouch_one_cm":11403,"minecraft:play_time":78093,"minecraft:deaths":1,"minecraft:sneak_time":4467,"minecraft:walk_under_water_one_cm":2324,"minecraft:jump":1513,"minecraft:interact_with_blast_furnace":10,"minecraft:walk_on_water_one_cm":4461,"minecraft:total_world_time":78093,"minecraft:interact_with_smoker":20,"minecraft:fall_one_cm":32284,"minecraft:horse_one_cm":5431},"minecraft:picked_up":{"minecraft:coarse_dirt":1,"simplyswords:iron_glaive":1,"minecraft:crafting_table":7,"minecraft:ladder":1,"minecraft:leather":3,"minecraft:wooden_pickaxe":1,"minecraft:smoker":8,"minecraft:potato":1,"minecraft:tuff":2,"minecraft:brewing_stand":1,"minecraft:amethyst_block":2,"minecraft:dirt":20,"minecraft:string":8,"minecraft:bone":10,"minecraft:rabbit_hide":1,"minecraft:spruce_planks":12,"minecraft:beef":10,"minecraft:rabbit":2,"minecraft:tipped_arrow":3,"minecraft:raw_iron":50,"minecraft:stick":3,"minecraft:torch":2,"minecraft:porkchop":28,"minecraft:amethyst_shard":6,"minecraft:spruce_sapling":11,"minecraft:blast_furnace":4,"minecraft:spruce_log":22,"minecraft:mossy_cobblestone":1,"minecraft:arrow":12,"minecraft:rotten_flesh":19,"minecraft:netherrack":25,"minecraft:coal":274,"minecraft:snowball":8,"minecraft:white_wool":3,"minecraft:cobblestone":47},"minecraft:used":{"minecraft:stone_sword":66,"minecraft:stone_pickaxe":131,"minecraft:stone_shovel":20,"minecraft:wooden_pickaxe":3,"minecraft:shield":7,"minecraft:torch":10,"minecraft:mossy_cobblestone":1,"minecraft:dirt":3,"minecraft:crafting_table":7,"minecraft:blast_furnace":3,"minecraft:smoker":6,"minecraft:apple":3,"minecraft:bread":5,"minecraft:iron_pickaxe":76,"minecraft:stone_axe":25,"simplyswords:iron_scythe":78,"minecraft:cobblestone":18,"minecraft:cooked_porkchop":9,"minecraft:bucket":1,"minecraft:cooked_rabbit":1,"simplyswords:iron_glaive":54,"minecraft:cooked_beef":6,"minecraft:coarse_dirt":1},"minecraft:mined":{"minecraft:tuff":2,"minecraft:smoker":8,"minecraft:amethyst_cluster":1,"minecraft:brewing_stand":1,"minecraft:crafting_table":7,"minecraft:ladder":1,"minecraft:budding_amethyst":1,"minecraft:blast_furnace":4,"minecraft:grass_block":5,"minecraft:calcite":3,"minecraft:tall_grass":4,"minecraft:cobblestone":3,"minecraft:deepslate_coal_ore":30,"minecraft:spruce_leaves":27,"minecraft:amethyst_block":2,"minecraft:coarse_dirt":1,"minecraft:iron_ore":50,"minecraft:snow":3,"minecraft:ice":1,"minecraft:spruce_log":21,"minecraft:grass":7,"minecraft:potatoes":1,"minecraft:coal_ore":40,"minecraft:dirt_path":1,"minecraft:dirt":14,"minecraft:cobweb":3,"minecraft:smooth_basalt":1,"minecraft:stone":33,"minecraft:netherrack":30},"minecraft:broken":{"minecraft:stone_pickaxe":1}},"DataVersion":3465}