{"stats":{"minecraft:crafted":{"minecraft:cooked_beef":6,"minecraft:stone_shovel":1,"minecraft:cooked_porkchop":28,"minecraft:crafting_table":1,"minecraft:spruce_planks":76,"minecraft:wooden_pickaxe":1,"minecraft:bucket":1,"minecraft:stone_axe":1,"minecraft:air":0,"simplyswords:iron_glaive":1,"simplyswords:iron_scythe":1,"minecraft:shield":1,"minecraft:stick":16,"minecraft:iron_ingot":11,"minecraft:iron_pickaxe":1,"minecraft:stone_pickaxe":1,"minecraft:stone_sword":1,"minecraft:torch":12,"minecraft:cooked_rabbit":1},"minecraft:broken":{"minecraft:stone_pickaxe":1},"minecraft:mined":{"minecraft:tuff":2,"minecraft:smoker":8,"minecraft:amethyst_cluster":1,"minecraft:brewing_stand":1,"minecraft:crafting_table":7,"minecraft:ladder":1,"minecraft:budding_amethyst":1,"minecraft:blast_furnace":4,"minecraft:grass_block":4,"minecraft:calcite":3,"minecraft:tall_grass":1,"minecraft:cobblestone":3,"minecraft:deepslate_coal_ore":30,"minecraft:spruce_leaves":27,"minecraft:amethyst_block":2,"minecraft:iron_ore":50,"minecraft:snow":3,"minecraft:ice":1,"minecraft:spruce_log":21,"minecraft:grass":3,"minecraft:potatoes":1,"minecraft:coal_ore":40,"minecraft:dirt":14,"minecraft:cobweb":3,"minecraft:smooth_basalt":1,"minecraft:stone":33,"minecraft:netherrack":30},"minecraft:used":{"minecraft:stone_sword":59,"minecraft:stone_pickaxe":131,"minecraft:stone_shovel":19,"minecraft:wooden_pickaxe":3,"minecraft:shield":2,"minecraft:torch":10,"minecraft:mossy_cobblestone":1,"minecraft:dirt":2,"minecraft:crafting_table":7,"minecraft:blast_furnace":3,"minecraft:smoker":6,"minecraft:apple":3,"minecraft:bread":5,"minecraft:iron_pickaxe":76,"minecraft:stone_axe":25,"simplyswords:iron_scythe":63,"minecraft:cobblestone":18,"minecraft:cooked_porkchop":7,"minecraft:bucket":1,"minecraft:cooked_rabbit":1,"simplyswords:iron_glaive":54,"minecraft:cooked_beef":6},"minecraft:killed":{"minecraft:cave_spider":1,"minecraft:pig":15,"graveyard:revenant":4,"minecraft:spider":3,"minecraft:creeper":1,"creeperoverhaul:snowy_creeper":3,"minecraft:skeleton":5,"minecraft:zombie":14,"minecraft:stray":4,"minecraft:cow":5},"minecraft:custom":{"minecraft:interact_with_furnace":3,"minecraft:mob_kills":56,"minecraft:interact_with_crafting_table":11,"minecraft:bell_ring":1,"minecraft:leave_game":4,"minecraft:time_since_death":68751,"minecraft:climb_one_cm":21549,"minecraft:time_since_rest":68751,"minecraft:sprint_one_cm":239562,"minecraft:damage_taken":1332,"minecraft:walk_one_cm":184973,"minecraft:damage_blocked_by_shield":80,"minecraft:drop":7,"minecraft:damage_dealt":8834,"minecraft:fly_one_cm":283863,"minecraft:talked_to_villager":1,"minecraft:open_chest":8,"minecraft:crouch_one_cm":11403,"minecraft:play_time":68751,"minecraft:sneak_time":4439,"minecraft:jump":1225,"minecraft:interact_with_blast_furnace":10,"minecraft:walk_on_water_one_cm":555,"minecraft:total_world_time":68751,"minecraft:interact_with_smoker":20,"minecraft:fall_one_cm":24333,"minecraft:horse_one_cm":5431},"minecraft:dropped":{"simplyswords:iron_glaive":2,"minecraft:iron_boots":1,"minecraft:amethyst_block":2,"minecraft:ladder":1,"minecraft:wooden_pickaxe":1,"minecraft:spruce_sapling":11},"minecraft:picked_up":{"simplyswords:iron_glaive":1,"minecraft:crafting_table":7,"minecraft:ladder":1,"minecraft:leather":3,"minecraft:wooden_pickaxe":1,"minecraft:smoker":8,"minecraft:potato":1,"minecraft:tuff":2,"minecraft:brewing_stand":1,"minecraft:amethyst_block":2,"minecraft:dirt":18,"minecraft:string":8,"minecraft:bone":10,"minecraft:spruce_planks":12,"minecraft:beef":10,"minecraft:rabbit":1,"minecraft:tipped_arrow":3,"minecraft:raw_iron":50,"minecraft:stick":3,"minecraft:torch":2,"minecraft:porkchop":28,"minecraft:amethyst_shard":6,"minecraft:spruce_sapling":11,"minecraft:blast_furnace":4,"minecraft:spruce_log":22,"minecraft:mossy_cobblestone":1,"minecraft:arrow":8,"minecraft:rotten_flesh":19,"minecraft:netherrack":25,"minecraft:coal":274,"minecraft:snowball":8,"minecraft:white_wool":3,"minecraft:cobblestone":47}},"DataVersion":3465}