{"stats":{"minecraft:used":{"minecraft:stone_sword":24,"minecraft:bread":5,"minecraft:stone_shovel":5,"minecraft:stone_pickaxe":16,"minecraft:wooden_pickaxe":3,"minecraft:stone_axe":4,"minecraft:dirt":1,"minecraft:crafting_table":4,"minecraft:cooked_rabbit":1,"minecraft:bucket":1,"simplyswords:iron_glaive":15,"minecraft:smoker":1},"minecraft:killed":{"creeperoverhaul:snowy_creeper":3,"minecraft:zombie":4,"minecraft:stray":1,"minecraft:spider":1,"graveyard:revenant":1,"minecraft:cow":1},"minecraft:mined":{"minecraft:smoker":3,"minecraft:ice":1,"minecraft:spruce_log":7,"minecraft:brewing_stand":1,"minecraft:crafting_table":4,"minecraft:grass":2,"minecraft:blast_furnace":1,"minecraft:potatoes":1,"minecraft:grass_block":3,"minecraft:dirt":5,"minecraft:spruce_leaves":6,"minecraft:stone":14},"minecraft:dropped":{"simplyswords:iron_glaive":1,"minecraft:iron_boots":1},"minecraft:crafted":{"minecraft:stone_shovel":1,"minecraft:crafting_table":1,"minecraft:spruce_planks":28,"minecraft:stick":16,"minecraft:wooden_pickaxe":1,"minecraft:stone_pickaxe":1,"minecraft:stone_sword":1,"minecraft:bucket":1,"minecraft:stone_axe":1,"minecraft:cooked_rabbit":1,"minecraft:air":0,"simplyswords:iron_glaive":1},"minecraft:picked_up":{"minecraft:tipped_arrow":1,"simplyswords:iron_glaive":1,"minecraft:stick":1,"minecraft:crafting_table":4,"minecraft:leather":2,"minecraft:smoker":3,"minecraft:potato":1,"minecraft:blast_furnace":1,"minecraft:spruce_sapling":10,"minecraft:brewing_stand":1,"minecraft:spruce_log":7,"minecraft:string":2,"minecraft:dirt":8,"minecraft:arrow":2,"minecraft:bone":1,"minecraft:rotten_flesh":7,"minecraft:spruce_planks":12,"minecraft:beef":3,"minecraft:rabbit":1,"minecraft:white_wool":3,"minecraft:cobblestone":14},"minecraft:custom":{"minecraft:time_since_rest":18559,"minecraft:interact_with_furnace":3,"minecraft:sprint_one_cm":60232,"minecraft:damage_taken":226,"minecraft:walk_one_cm":56143,"minecraft:mob_kills":11,"minecraft:drop":2,"minecraft:damage_dealt":1847,"minecraft:interact_with_crafting_table":6,"minecraft:fly_one_cm":63457,"minecraft:open_chest":7,"minecraft:crouch_one_cm":1696,"minecraft:play_time":18559,"minecraft:bell_ring":1,"minecraft:sneak_time":724,"minecraft:jump":241,"minecraft:interact_with_blast_furnace":1,"minecraft:leave_game":1,"minecraft:time_since_death":18559,"minecraft:climb_one_cm":16162,"minecraft:interact_with_smoker":4,"minecraft:total_world_time":18559,"minecraft:fall_one_cm":1672}},"DataVersion":3465}