{"stats":{"minecraft:broken":{"minecraft:stone_pickaxe":1},"minecraft:crafted":{"minecraft:stone_shovel":1,"simplyswords:iron_twinblade":1,"minecraft:furnace":1,"niftycarts:wheel":4,"minecraft:glass":39,"travelersbackpack:white_sleeping_bag":1,"minecraft:iron_axe":1,"minecraft:stone_pickaxe":1,"minecraft:chest":3,"minecraft:cooked_rabbit":1,"minecraft:smoker":1,"minecraft:wheat":54,"minecraft:cooked_beef":6,"minecraft:cooked_porkchop":49,"minecraft:crafting_table":1,"minecraft:spruce_planks":96,"travelersbackpack:backpack_tank":2,"minecraft:iron_helmet":1,"minecraft:wooden_pickaxe":1,"travelersbackpack:standard":1,"minecraft:bucket":1,"minecraft:stone_axe":1,"minecraft:bread":18,"minecraft:air":0,"simplyswords:iron_glaive":1,"simplyswords:iron_scythe":1,"travelersbackpack:emerald":1,"minecraft:iron_chestplate":1,"minecraft:shield":1,"niftycarts:animal_cart":1,"minecraft:stick":80,"minecraft:iron_ingot":34,"minecraft:iron_pickaxe":1,"minecraft:stone_sword":1,"minecraft:iron_shovel":1,"minecraft:iron_leggings":1,"minecraft:torch":24,"niftycarts:plow":1,"minecraft:shears":1},"minecraft:mined":{"minecraft:tuff":6,"minecraft:spruce_planks":11,"minecraft:brewing_stand":1,"minecraft:dark_oak_fence":1,"minecraft:ladder":1,"minecraft:budding_amethyst":1,"minecraft:grass_block":9,"minecraft:spruce_leaves":38,"minecraft:moss_block":2,"minecraft:rooted_dirt":44,"minecraft:spawner":1,"minecraft:large_fern":3,"minecraft:hay_block":14,"minecraft:redstone_ore":2,"minecraft:furnace":4,"minecraft:iron_ore":80,"minecraft:snow":12,"minecraft:stripped_spruce_log":1,"minecraft:cave_vines":2,"minecraft:potatoes":1,"minecraft:flowering_azalea_leaves":3,"minecraft:dirt_path":1,"minecraft:azalea_leaves":5,"minecraft:stone":86,"minecraft:deepslate_redstone_ore":3,"minecraft:scaffolding":2,"minecraft:flowering_azalea":2,"minecraft:smoker":9,"minecraft:brown_carpet":1,"minecraft:amethyst_cluster":1,"minecraft:clay":11,"minecraft:crafting_table":15,"minecraft:blast_furnace":4,"minecraft:calcite":3,"minecraft:tall_grass":6,"minecraft:cobblestone":3,"minecraft:deepslate_coal_ore":31,"minecraft:amethyst_block":5,"minecraft:purple_bed":1,"minecraft:coarse_dirt":1,"minecraft:ice":8,"minecraft:spruce_log":44,"mythicmounts:firebird_feather2":2,"minecraft:grass":17,"minecraft:coal_ore":41,"minecraft:gravel":16,"minecraft:sand":64,"minecraft:dirt":31,"minecraft:cobweb":5,"minecraft:smooth_basalt":3,"minecraft:gold_ore":2,"minecraft:polished_andesite":5,"minecraft:netherrack":30,"travelersbackpack:emerald":1,"minecraft:fern":1},"minecraft:killed_by":{"minecraft:vindicator":3,"minecraft:vex":1},"minecraft:used":{"minecraft:trident":2,"minecraft:stone_sword":72,"minecraft:iron_shovel":126,"minecraft:stone_shovel":59,"minecraft:ladder":1,"minecraft:chest":2,"minecraft:spruce_planks":6,"minecraft:shield":10,"niftycarts:plow":3,"minecraft:iron_chestplate":1,"minecraft:torch":15,"minecraft:dirt":24,"minecraft:spruce_stairs":2,"travelersbackpack:emerald":1,"minecraft:stripped_spruce_log":1,"minecraft:flowering_azalea":1,"mythicmounts:firebird_feather2":3,"friendsandfoes:totem_of_illusion":1,"minecraft:iron_axe":40,"minecraft:rooted_dirt":5,"minecraft:iron_helmet":2,"minecraft:smooth_basalt":2,"minecraft:bow":17,"simplyswords:iron_scythe":111,"minecraft:scaffolding":2,"minecraft:furnace":3,"minecraft:cooked_beef":6,"minecraft:iron_leggings":1,"minecraft:water_bucket":1,"minecraft:stone_pickaxe":131,"minecraft:polished_andesite":5,"minecraft:wooden_pickaxe":3,"niftycarts:animal_cart":2,"minecraft:white_wool":1,"minecraft:mossy_cobblestone":1,"minecraft:sand":1,"minecraft:crafting_table":15,"minecraft:blast_furnace":3,"simplyswords:iron_twinblade":192,"minecraft:crossbow":12,"minecraft:spruce_log":1,"minecraft:smoker":7,"minecraft:apple":3,"minecraft:iron_pickaxe":203,"minecraft:map":1,"minecraft:bread":42,"minecraft:stone_axe":29,"minecraft:cobblestone":18,"minecraft:dark_oak_fence":1,"minecraft:cooked_rabbit":1,"minecraft:porkchop":11,"minecraft:cooked_porkchop":29,"minecraft:bucket":2,"simplyswords:iron_glaive":54,"minecraft:coarse_dirt":1},"minecraft:killed":{"minecraft:evoker":1,"minecraft:vex":4,"minecraft:cave_spider":1,"minecraft:witch":1,"graveyard:revenant":6,"minecraft:spider":7,"minecraft:vindicator":7,"creeperoverhaul:snowy_creeper":3,"minecraft:skeleton":7,"minecraft:illusioner":2,"minecraft:drowned":3,"friendsandfoes:iceologer":1,"graveyard:ghoul":1,"minecraft:pig":27,"minecraft:zombie_villager":1,"minecraft:rabbit":1,"endermanoverhaul:snowy_enderman":1,"minecraft:creeper":1,"minecraft:pillager":23,"minecraft:zombie":24,"minecraft:stray":4,"minecraft:cow":5},"minecraft:custom":{"minecraft:mob_kills":133,"minecraft:interact_with_crafting_table":42,"minecraft:open_barrel":42,"minecraft:bell_ring":3,"minecraft:leave_game":8,"minecraft:time_since_death":99745,"minecraft:climb_one_cm":47225,"minecraft:sprint_one_cm":726430,"minecraft:walk_one_cm":495920,"minecraft:damage_blocked_by_shield":275,"minecraft:drop":31,"minecraft:talked_to_villager":2,"minecraft:play_time":236991,"minecraft:sneak_time":7925,"minecraft:deaths":4,"minecraft:walk_under_water_one_cm":36911,"minecraft:interact_with_brewingstand":1,"minecraft:jump":4836,"minecraft:interact_with_blast_furnace":10,"minecraft:walk_on_water_one_cm":37377,"minecraft:total_world_time":236991,"minecraft:interact_with_furnace":24,"minecraft:time_since_rest":99802,"minecraft:damage_taken":5311,"minecraft:damage_dealt":22572,"minecraft:swim_one_cm":181598,"minecraft:fly_one_cm":1327182,"minecraft:open_chest":31,"minecraft:crouch_one_cm":19766,"minecraft:interact_with_smoker":27,"minecraft:fall_one_cm":110093,"minecraft:inspect_dispenser":2,"minecraft:horse_one_cm":5431},"minecraft:dropped":{"minecraft:iron_sword":1,"minecraft:wheat_seeds":1,"simplyswords:iron_glaive":2,"minecraft:crafting_table":1,"minecraft:iron_helmet":1,"minecraft:amethyst_block":2,"minecraft:dirt":17,"minecraft:snowball":10,"minecraft:string":8,"minecraft:bone":2,"minecraft:spruce_sapling":11,"minecraft:redstone":1,"minecraft:dandelion":1,"minecraft:gravel":5,"minecraft:stone_sword":1,"minecraft:tuff":6,"minecraft:rotten_flesh":7,"minecraft:iron_boots":1,"minecraft:rabbit_hide":1,"simplyswords:iron_scythe":1,"minecraft:bundle":1,"minecraft:iron_chestplate":1,"minecraft:ladder":1,"minecraft:bow":2,"minecraft:wooden_pickaxe":1,"minecraft:purple_carpet":3},"minecraft:picked_up":{"minecraft:crafting_table":19,"minecraft:iron_chestplate":4,"simplyswords:iron_glaive":1,"minecraft:coarse_dirt":1,"minecraft:ladder":3,"minecraft:clay_ball":44,"minecraft:wooden_pickaxe":2,"friendsandfoes:totem_of_illusion":4,"minecraft:brewing_stand":1,"minecraft:shield":2,"minecraft:amethyst_block":5,"travelersbackpack:emerald":1,"minecraft:string":11,"minecraft:iron_axe":3,"minecraft:iron_leggings":1,"minecraft:spruce_planks":136,"minecraft:beef":10,"minecraft:iron_pickaxe":4,"minecraft:sugar_cane":1,"niftycarts:plow":2,"minecraft:furnace":6,"minecraft:iron_boots":4,"minecraft:tipped_arrow":6,"minecraft:stick":3,"minecraft:raw_iron":119,"minecraft:torch":43,"minecraft:spruce_stairs":2,"minecraft:porkchop":62,"minecraft:trident":1,"minecraft:redstone":25,"minecraft:tnt":6,"minecraft:stone_sword":2,"minecraft:stone_shovel":3,"minecraft:arrow":60,"minecraft:rotten_flesh":29,"simplyswords:iron_scythe":4,"minecraft:hay_block":16,"minecraft:gold_ingot":30,"minecraft:totem_of_undying":1,"minecraft:glow_berries":3,"minecraft:snowball":58,"minecraft:white_wool":15,"minecraft:cobblestone":120,"minecraft:water_bucket":1,"minecraft:leather":9,"minecraft:smoker":13,"minecraft:potato":3,"mythicmounts:firebird_feather2":3,"minecraft:flint":1,"minecraft:tuff":14,"minecraft:dirt":41,"minecraft:purple_carpet":5,"minecraft:bone":32,"minecraft:apple":2,"minecraft:bow":4,"minecraft:wheat_seeds":2,"minecraft:raw_gold":2,"minecraft:rabbit_hide":3,"minecraft:iron_ingot":10,"minecraft:rabbit":4,"minecraft:moss_block":2,"minecraft:flowering_azalea":2,"minecraft:iron_sword":2,"friendsandfoes:totem_of_freezing":1,"minecraft:scaffolding":2,"minecraft:smooth_basalt":2,"minecraft:cooked_porkchop":29,"patchouli:guide_book":2,"minecraft:axolotl_bucket":1,"minecraft:dandelion":1,"minecraft:gravel":21,"minecraft:sand":62,"minecraft:jungle_planks":6,"minecraft:amethyst_shard":6,"minecraft:stripped_spruce_log":1,"minecraft:spruce_sapling":12,"minecraft:blast_furnace":4,"minecraft:spruce_log":45,"minecraft:spider_eye":2,"minecraft:mossy_cobblestone":1,"simplyswords:iron_twinblade":2,"minecraft:polished_andesite":10,"minecraft:purple_bed":1,"minecraft:stone_axe":2,"minecraft:iron_helmet":1,"minecraft:blue_ice":1,"minecraft:crossbow":6,"niftycarts:animal_cart":1,"minecraft:bread":38,"minecraft:emerald":42,"minecraft:rooted_dirt":44,"minecraft:netherrack":75,"minecraft:dark_oak_fence":1,"minecraft:coal":445,"minecraft:ender_pearl":1}},"DataVersion":3465}