{"stats":{"minecraft:used":{"minecraft:crafting_table":1},"minecraft:mined":{"minecraft:spruce_leaves":1,"minecraft:spruce_log":6},"minecraft:picked_up":{"minecraft:spruce_log":6},"minecraft:custom":{"minecraft:jump":25,"minecraft:time_since_rest":3655,"minecraft:damage_dealt":15,"minecraft:crouch_one_cm":40,"minecraft:sprint_one_cm":4368,"minecraft:leave_game":5,"minecraft:play_time":3655,"minecraft:damage_taken":10,"minecraft:time_since_death":3655,"minecraft:walk_one_cm":10172,"minecraft:sneak_time":27,"minecraft:total_world_time":3655,"minecraft:fall_one_cm":209,"minecraft:fly_one_cm":3213},"minecraft:crafted":{"minecraft:crafting_table":1,"minecraft:spruce_planks":24}},"DataVersion":3465}