{"stats":{"minecraft:custom":{"minecraft:time_since_rest":18614,"minecraft:crouch_one_cm":89,"minecraft:play_time":18614,"minecraft:sprint_one_cm":21547,"minecraft:damage_taken":60,"minecraft:walk_one_cm":17797,"minecraft:sneak_time":123,"minecraft:walk_under_water_one_cm":1683,"minecraft:jump":115,"minecraft:damage_dealt":34,"minecraft:leave_game":1,"minecraft:time_since_death":18614,"minecraft:walk_on_water_one_cm":582,"minecraft:climb_one_cm":1796,"minecraft:total_world_time":18614,"minecraft:interact_with_cartography_table":1,"minecraft:fall_one_cm":4418,"minecraft:fly_one_cm":429323},"minecraft:mined":{"minecraft:vine":1,"minecraft:mangrove_leaves":6,"minecraft:oak_leaves":2},"minecraft:used":{"graveyard:wraith_spawn_egg":1,"graveyard:revenant_spawn_egg":1,"graveyard:nightmare_spawn_egg":1,"graveyard:ghoul_spawn_egg":1,"graveyard:reaper_spawn_egg":1,"graveyard:corrupted_pillager_spawn_egg":1},"minecraft:picked_up":{"minecraft:wheat_seeds":2}},"DataVersion":3465}