{"stats":{"minecraft:used":{"minecraft:spruce_log":1},"minecraft:mined":{"minecraft:spruce_log":9,"minecraft:spruce_leaves":2},"minecraft:picked_up":{"minecraft:bundle":1,"patchouli:guide_book":1,"minecraft:blue_ice":1,"minecraft:spruce_sapling":1,"minecraft:spruce_log":9},"minecraft:custom":{"minecraft:time_since_rest":8096,"minecraft:open_chest":1,"minecraft:crouch_one_cm":318,"minecraft:sprint_one_cm":14178,"minecraft:play_time":12645,"minecraft:walk_one_cm":11894,"minecraft:damage_taken":505,"minecraft:deaths":1,"minecraft:sneak_time":155,"minecraft:jump":61,"minecraft:damage_dealt":19,"minecraft:leave_game":2,"minecraft:time_since_death":8058,"minecraft:total_world_time":12645,"minecraft:fall_one_cm":1322,"minecraft:fly_one_cm":17965},"minecraft:crafted":{"minecraft:crafting_table":1,"minecraft:spruce_planks":4}},"DataVersion":3465}