{"stats":{"minecraft:picked_up":{"minecraft:stick":3,"minecraft:crafting_table":3,"minecraft:feather":1,"minecraft:chicken":1,"minecraft:smoker":1,"minecraft:potato":1,"minecraft:porkchop":9,"minecraft:gunpowder":2,"minecraft:spruce_log":10,"minecraft:string":2,"minecraft:dirt":4,"minecraft:arrow":2,"minecraft:rotten_flesh":7,"minecraft:spruce_planks":3,"minecraft:calcite":1,"minecraft:oak_planks":3,"minecraft:coal":28,"minecraft:cobblestone":31,"minecraft:egg":3},"minecraft:custom":{"minecraft:time_since_rest":18660,"minecraft:sprint_one_cm":56076,"minecraft:damage_taken":340,"minecraft:walk_one_cm":39251,"minecraft:mob_kills":19,"minecraft:damage_dealt":3089,"minecraft:interact_with_crafting_table":4,"minecraft:fly_one_cm":91080,"minecraft:crouch_one_cm":2599,"minecraft:play_time":18660,"minecraft:sneak_time":1016,"minecraft:jump":382,"minecraft:leave_game":2,"minecraft:time_since_death":18660,"minecraft:walk_on_water_one_cm":360,"minecraft:total_world_time":18660,"minecraft:interact_with_smoker":11,"minecraft:fall_one_cm":9074},"minecraft:crafted":{"minecraft:stone_shovel":1,"minecraft:cooked_porkchop":9,"minecraft:crafting_table":1,"minecraft:spruce_planks":16,"minecraft:stick":12,"minecraft:wooden_pickaxe":1,"minecraft:cooked_chicken":1,"minecraft:stone_pickaxe":1,"minecraft:stone_sword":1,"minecraft:furnace":1,"minecraft:stone_axe":1,"minecraft:air":0,"minecraft:smoker":1},"minecraft:used":{"minecraft:calcite":1,"minecraft:stone_sword":70,"minecraft:stone_pickaxe":45,"minecraft:stone_shovel":3,"minecraft:spruce_planks":3,"minecraft:wooden_pickaxe":4,"minecraft:cooked_chicken":1,"minecraft:stone_axe":15,"minecraft:dirt":3,"minecraft:crafting_table":3,"minecraft:cooked_porkchop":4,"minecraft:smoker":1},"minecraft:killed":{"minecraft:skeleton":1,"minecraft:zombie":7,"minecraft:pig":3,"minecraft:chicken":1,"minecraft:spider":2,"minecraft:slime":2,"minecraft:creeper":3},"minecraft:mined":{"minecraft:large_fern":1,"minecraft:spruce_planks":3,"minecraft:smoker":1,"minecraft:spruce_log":10,"minecraft:crafting_table":3,"minecraft:grass":5,"minecraft:grass_block":4,"minecraft:calcite":1,"minecraft:coal_ore":15,"minecraft:tall_grass":4,"minecraft:spruce_leaves":1,"minecraft:stone":31,"minecraft:oak_planks":3,"minecraft:fern":2}},"DataVersion":3465}