{"stats":{"minecraft:crafted":{"minecraft:charcoal":4,"minecraft:cooked_porkchop":20,"minecraft:shield":1,"minecraft:crafting_table":1,"minecraft:iron_helmet":1,"minecraft:iron_pickaxe":1,"minecraft:spruce_planks":48,"minecraft:stick":12,"minecraft:stone_pickaxe":1,"minecraft:wooden_pickaxe":2,"minecraft:cooked_salmon":6,"minecraft:stone_axe":1,"minecraft:air":0,"minecraft:smoker":1},"minecraft:mined":{"minecraft:podzol":2,"minecraft:spruce_sapling":3,"minecraft:furnace":1,"minecraft:smoker":1,"minecraft:ice":5,"minecraft:spruce_log":28,"minecraft:crafting_table":1,"minecraft:grass":1,"minecraft:dirt":10,"minecraft:tall_grass":1,"minecraft:cobblestone":6,"minecraft:spruce_leaves":8,"minecraft:stone":38},"minecraft:used":{"minecraft:poppy":2,"minecraft:wooden_pickaxe":51,"minecraft:spruce_sapling":10,"minecraft:leather_boots":1,"minecraft:cooked_salmon":6,"minecraft:rotten_flesh":1,"minecraft:stone_axe":18,"minecraft:dirt":8,"minecraft:cobblestone":6,"minecraft:crafting_table":2,"minecraft:cooked_porkchop":2,"simplyswords:iron_glaive":87,"minecraft:snowball":5,"minecraft:smoker":2},"minecraft:killed":{"minecraft:zombie":5,"minecraft:pig":17,"minecraft:salmon":6,"minecraft:spider":3,"minecraft:iron_golem":2},"minecraft:custom":{"minecraft:time_since_rest":26979,"minecraft:interact_with_smithing_table":2,"minecraft:interact_with_furnace":14,"minecraft:sprint_one_cm":119510,"minecraft:damage_taken":699,"minecraft:walk_one_cm":102730,"minecraft:mob_kills":33,"minecraft:drop":5,"minecraft:damage_dealt":3993,"minecraft:swim_one_cm":11927,"minecraft:interact_with_crafting_table":18,"minecraft:fly_one_cm":169529,"minecraft:open_barrel":1,"minecraft:open_chest":12,"minecraft:crouch_one_cm":689,"minecraft:play_time":38417,"minecraft:deaths":1,"minecraft:sneak_time":802,"minecraft:walk_under_water_one_cm":7085,"minecraft:jump":567,"minecraft:leave_game":2,"minecraft:walk_on_water_one_cm":534,"minecraft:time_since_death":26856,"minecraft:interact_with_smoker":11,"minecraft:climb_one_cm":185,"minecraft:total_world_time":38417,"minecraft:fall_one_cm":12844,"minecraft:horse_one_cm":46},"minecraft:dropped":{"minecraft:spruce_planks":1,"minecraft:rotten_flesh":4},"minecraft:picked_up":{"minecraft:stick":9,"simplyswords:iron_glaive":2,"minecraft:crafting_table":2,"minecraft:salmon":7,"patchouli:guide_book":1,"minecraft:wooden_pickaxe":1,"minecraft:smoker":1,"minecraft:porkchop":37,"minecraft:spruce_sapling":10,"minecraft:spruce_log":26,"minecraft:string":5,"minecraft:dirt":16,"minecraft:rotten_flesh":6,"minecraft:spruce_planks":22,"minecraft:iron_ingot":9,"minecraft:poppy":2,"minecraft:furnace":1,"minecraft:cobblestone":44}},"DataVersion":3465}