{"stats":{"minecraft:killed_by":{"minecraft:pillager":1},"minecraft:picked_up":{"simplyswords:iron_glaive":3,"minecraft:crafting_table":4,"minecraft:wheat":10,"minecraft:ladder":1,"minecraft:wooden_pickaxe":1,"minecraft:string":16,"graveyard:corruption":3,"minecraft:cobbled_deepslate":10,"minecraft:spruce_planks":100,"minecraft:beef":4,"minecraft:poppy":4,"minecraft:iron_pickaxe":1,"minecraft:spruce_slab":24,"minecraft:chest":2,"minecraft:egg":1,"minecraft:furnace":6,"minecraft:tipped_arrow":3,"minecraft:stick":14,"minecraft:raw_iron":13,"minecraft:torch":23,"minecraft:spruce_stairs":12,"minecraft:snow_block":1,"minecraft:porkchop":37,"minecraft:diorite":12,"minecraft:carrot":40,"minecraft:redstone":34,"minecraft:cauldron":2,"minecraft:dark_oak_planks":2,"minecraft:arrow":122,"minecraft:rotten_flesh":38,"minecraft:beetroot_seeds":3,"minecraft:gold_ingot":3,"minecraft:snowball":3,"minecraft:cobblestone":138,"minecraft:white_wool":3,"simplyswords:iron_katana":1,"minecraft:cooked_beef":4,"minecraft:golden_carrot":9,"minecraft:glow_ink_sac":5,"minecraft:salmon":10,"minecraft:smoker":1,"minecraft:potato":36,"minecraft:stripped_spruce_wood":23,"minecraft:blue_bed":1,"minecraft:dirt":29,"minecraft:white_banner":1,"minecraft:bone":11,"minecraft:bow":3,"minecraft:wheat_seeds":2,"minecraft:raw_gold":5,"minecraft:iron_ingot":24,"minecraft:dark_oak_sign":3,"minecraft:iron_sword":4,"minecraft:diorite_wall":7,"minecraft:cooked_porkchop":24,"patchouli:guide_book":3,"minecraft:stripped_spruce_log":42,"minecraft:spruce_sapling":14,"minecraft:spruce_log":56,"minecraft:spruce_door":4,"minecraft:bundle":1,"minecraft:diamond":4,"minecraft:stone_axe":1,"minecraft:iron_helmet":1,"minecraft:blue_ice":1,"minecraft:crossbow":3,"minecraft:emerald":50,"minecraft:coal":132},"minecraft:used":{"minecraft:spruce_slab":32,"minecraft:ladder":2,"minecraft:poppy":4,"minecraft:chest":2,"minecraft:spruce_planks":65,"minecraft:shield":20,"minecraft:iron_sword":18,"minecraft:cooked_salmon":9,"minecraft:rotten_flesh":2,"minecraft:torch":15,"minecraft:dirt":14,"simplyswords:iron_katana":197,"minecraft:spruce_stairs":8,"minecraft:carrot":15,"minecraft:snowball":5,"minecraft:stripped_spruce_log":2,"minecraft:milk_bucket":1,"minecraft:iron_helmet":1,"minecraft:diorite_wall":7,"minecraft:bow":6,"minecraft:furnace":2,"minecraft:egg":1,"minecraft:potato":11,"minecraft:cobbled_deepslate":10,"minecraft:stripped_spruce_wood":3,"minecraft:water_bucket":2,"minecraft:spruce_door":4,"minecraft:dark_oak_sign":5,"minecraft:stone_pickaxe":56,"minecraft:baked_potato":12,"minecraft:wooden_pickaxe":51,"minecraft:cauldron":2,"minecraft:leather_boots":1,"minecraft:blue_bed":1,"minecraft:white_wool":3,"minecraft:crafting_table":4,"minecraft:crossbow":9,"minecraft:spruce_log":3,"minecraft:smoker":2,"minecraft:iron_pickaxe":152,"minecraft:spruce_sapling":14,"minecraft:stone_axe":218,"minecraft:cobblestone":81,"minecraft:white_banner":1,"minecraft:cooked_porkchop":37,"minecraft:bucket":3,"simplyswords:iron_glaive":114,"minecraft:experience_bottle":1},"minecraft:broken":{"minecraft:stone_axe":1},"minecraft:custom":{"minecraft:interact_with_smithing_table":2,"minecraft:mob_kills":108,"minecraft:interact_with_crafting_table":34,"minecraft:open_barrel":8,"minecraft:bell_ring":1,"minecraft:leave_game":6,"minecraft:time_since_death":103318,"minecraft:climb_one_cm":2055,"minecraft:sprint_one_cm":364598,"minecraft:walk_one_cm":524609,"minecraft:damage_blocked_by_shield":475,"minecraft:drop":51,"minecraft:talked_to_villager":3,"minecraft:play_time":155181,"minecraft:deaths":2,"minecraft:sneak_time":1936,"minecraft:walk_under_water_one_cm":45564,"minecraft:jump":2473,"minecraft:walk_on_water_one_cm":35031,"minecraft:total_world_time":155181,"minecraft:interact_with_furnace":36,"minecraft:interact_with_grindstone":2,"minecraft:sleep_in_bed":1,"minecraft:time_since_rest":22476,"minecraft:damage_taken":4797,"minecraft:damage_dealt":18027,"minecraft:swim_one_cm":47324,"minecraft:fly_one_cm":604705,"minecraft:open_chest":45,"minecraft:crouch_one_cm":3457,"minecraft:interact_with_smoker":24,"minecraft:fall_one_cm":59449,"minecraft:horse_one_cm":46},"minecraft:killed":{"graveyard:revenant":2,"minecraft:vindicator":1,"minecraft:spider":6,"minecraft:skeleton":5,"minecraft:pig":17,"minecraft:salmon":10,"minecraft:iron_golem":3,"minecraft:creeper":1,"minecraft:pillager":34,"minecraft:zombie":24,"minecraft:cow":2},"minecraft:dropped":{"minecraft:iron_sword":1,"minecraft:stripped_spruce_log":19,"minecraft:wheat_seeds":2,"minecraft:glow_ink_sac":5,"minecraft:spruce_stairs":2,"graveyard:corruption":1,"minecraft:diorite":6,"minecraft:string":4,"minecraft:dark_oak_planks":1,"minecraft:bone":11,"minecraft:wheat":5,"minecraft:rotten_flesh":25,"minecraft:tipped_arrow":1,"minecraft:spruce_planks":1,"minecraft:ladder":1},"minecraft:mined":{"minecraft:spruce_planks":59,"minecraft:deepslate_diamond_ore":2,"minecraft:grass_block":2,"minecraft:spruce_leaves":13,"minecraft:spruce_sapling":3,"minecraft:furnace":5,"minecraft:carrots":9,"minecraft:iron_ore":13,"minecraft:stripped_spruce_log":23,"minecraft:potatoes":11,"minecraft:water_cauldron":2,"minecraft:stone":117,"minecraft:white_wool":4,"minecraft:spruce_slab":24,"minecraft:podzol":2,"minecraft:deepslate_redstone_ore":4,"minecraft:glass_pane":2,"minecraft:smoker":1,"minecraft:spruce_door":4,"minecraft:crafting_table":2,"minecraft:torch":1,"minecraft:chest":2,"minecraft:tall_grass":2,"minecraft:cobblestone":11,"minecraft:deepslate_gold_ore":5,"minecraft:diorite":6,"minecraft:blue_bed":1,"minecraft:wall_torch":1,"minecraft:spruce_stairs":10,"minecraft:stripped_spruce_wood":23,"minecraft:dark_oak_wall_sign":2,"minecraft:ice":5,"minecraft:spruce_log":57,"minecraft:grass":2,"minecraft:coal_ore":71,"minecraft:diorite_wall":7,"minecraft:dirt":21,"minecraft:deepslate":10},"minecraft:crafted":{"minecraft:golden_carrot":9,"simplyswords:iron_katana":1,"minecraft:furnace":1,"minecraft:dark_oak_sign":3,"minecraft:bow":1,"minecraft:iron_boots":1,"minecraft:ladder":3,"minecraft:spruce_slab":18,"minecraft:stone_pickaxe":2,"minecraft:dark_oak_planks":20,"minecraft:smoker":1,"minecraft:cooked_beef":4,"minecraft:cooked_porkchop":37,"minecraft:crafting_table":3,"minecraft:spruce_planks":76,"minecraft:wooden_pickaxe":2,"minecraft:baked_potato":28,"minecraft:iron_helmet":1,"minecraft:cooked_salmon":9,"minecraft:bucket":1,"minecraft:stone_axe":2,"minecraft:air":0,"minecraft:gold_nugget":72,"minecraft:charcoal":9,"minecraft:shield":2,"minecraft:stick":32,"minecraft:iron_ingot":13,"minecraft:iron_pickaxe":1,"minecraft:gold_ingot":5,"minecraft:torch":40}},"DataVersion":3465}