{"stats":{"minecraft:crafted":{"minecraft:cooked_porkchop":37,"minecraft:crafting_table":1,"minecraft:spruce_planks":52,"minecraft:wooden_pickaxe":2,"minecraft:iron_helmet":1,"minecraft:cooked_salmon":6,"minecraft:stone_axe":1,"minecraft:air":0,"minecraft:charcoal":9,"minecraft:shield":1,"minecraft:stick":16,"minecraft:iron_pickaxe":1,"minecraft:stone_pickaxe":1,"minecraft:torch":16,"minecraft:smoker":1},"minecraft:killed":{"minecraft:pig":17,"minecraft:salmon":6,"graveyard:revenant":1,"minecraft:vindicator":1,"minecraft:spider":3,"minecraft:iron_golem":2,"minecraft:skeleton":1,"minecraft:pillager":4,"minecraft:zombie":9},"minecraft:dropped":{"minecraft:rotten_flesh":7,"minecraft:spruce_planks":1,"minecraft:bone":3},"minecraft:picked_up":{"simplyswords:iron_glaive":2,"minecraft:crafting_table":2,"minecraft:salmon":7,"minecraft:wooden_pickaxe":1,"minecraft:smoker":1,"minecraft:string":5,"minecraft:dirt":16,"minecraft:bone":3,"minecraft:spruce_planks":22,"minecraft:iron_ingot":9,"minecraft:poppy":2,"minecraft:furnace":1,"minecraft:stick":12,"patchouli:guide_book":1,"minecraft:porkchop":37,"minecraft:spruce_sapling":14,"minecraft:spruce_log":34,"minecraft:arrow":6,"minecraft:rotten_flesh":12,"minecraft:crossbow":1,"minecraft:emerald":4,"minecraft:cobblestone":44},"minecraft:custom":{"minecraft:interact_with_smithing_table":2,"minecraft:interact_with_furnace":19,"minecraft:mob_kills":44,"minecraft:interact_with_crafting_table":20,"minecraft:open_barrel":1,"minecraft:leave_game":3,"minecraft:time_since_death":36198,"minecraft:climb_one_cm":843,"minecraft:time_since_rest":36321,"minecraft:sprint_one_cm":150912,"minecraft:damage_taken":1241,"minecraft:walk_one_cm":143593,"minecraft:damage_blocked_by_shield":90,"minecraft:drop":11,"minecraft:damage_dealt":6093,"minecraft:swim_one_cm":15603,"minecraft:fly_one_cm":204065,"minecraft:open_chest":16,"minecraft:crouch_one_cm":704,"minecraft:play_time":47759,"minecraft:deaths":1,"minecraft:sneak_time":812,"minecraft:walk_under_water_one_cm":9078,"minecraft:jump":694,"minecraft:walk_on_water_one_cm":1004,"minecraft:interact_with_smoker":12,"minecraft:total_world_time":47759,"minecraft:fall_one_cm":14785,"minecraft:horse_one_cm":46},"minecraft:used":{"minecraft:poppy":2,"minecraft:shield":4,"minecraft:wooden_pickaxe":51,"minecraft:leather_boots":1,"minecraft:cooked_salmon":6,"minecraft:rotten_flesh":1,"minecraft:dirt":9,"minecraft:crafting_table":2,"minecraft:crossbow":5,"minecraft:snowball":5,"minecraft:smoker":2,"minecraft:spruce_sapling":14,"minecraft:stone_axe":39,"minecraft:cobblestone":6,"minecraft:cooked_porkchop":8,"simplyswords:iron_glaive":109},"minecraft:mined":{"minecraft:podzol":2,"minecraft:smoker":1,"minecraft:crafting_table":1,"minecraft:tall_grass":1,"minecraft:cobblestone":6,"minecraft:spruce_leaves":11,"minecraft:spruce_sapling":3,"minecraft:furnace":1,"minecraft:ice":5,"minecraft:spruce_log":35,"minecraft:grass":1,"minecraft:dirt":10,"minecraft:stone":38}},"DataVersion":3465}