{
  "simplyswords:grant_book_on_first_join": {
    "criteria": {
      "tick": "2024-06-14 21:32:11 +0000"
    },
    "done": true
  },
  "minecraft:recipes/decorations/crafting_table": {
    "criteria": {
      "unlock_right_away": "2024-06-14 21:32:11 +0000"
    },
    "done": true
  },
  "minecraft:recipes/building_blocks/spruce_wood": {
    "criteria": {
      "has_log": "2024-06-14 21:33:14 +0000"
    },
    "done": true
  },
  "minecraft:recipes/building_blocks/spruce_planks": {
    "criteria": {
      "has_logs": "2024-06-14 21:33:14 +0000"
    },
    "done": true
  },
  "dungeons_arise:wda_root": {
    "criteria": {
      "WDA": "2024-06-14 21:32:11 +0000"
    },
    "done": true
  },
  "minecraft:recipes/misc/charcoal": {
    "criteria": {
      "has_log": "2024-06-14 21:33:14 +0000"
    },
    "done": true
  },
  "niftycarts:recipes/supply_cart": {
    "criteria": {
      "has_wheel": "2024-06-14 21:32:11 +0000"
    },
    "done": true
  },
  "niftycarts:recipes/plow": {
    "criteria": {
      "has_wheel": "2024-06-14 21:32:11 +0000"
    },
    "done": true
  },
  "minecraft:adventure/adventuring_time": {
    "criteria": {
      "minecraft:snowy_plains": "2024-06-14 21:32:13 +0000"
    },
    "done": false
  },
  "niftycarts:recipes/animal_cart": {
    "criteria": {
      "has_wheel": "2024-06-14 21:32:11 +0000"
    },
    "done": true
  },
  "DataVersion": 3465
}